air_force_blue_raf,Air Force Blue (Raf),#5d8aa8,93,138,168
air_force_blue_usaf,Air Force Blue (Usaf),#00308f,0,48,143
air_superiority_blue,Air Superiority Blue,#72a0c1,114,160,193
alabama_crimson,Alabama Crimson,#a32638,163,38,56
alice_blue,Alice Blue,#f0f8ff,240,248,255
AliceBlue,Aliceblue,#f0f8ff,240,248,255
alizarin_crimson,Alizarin Crimson,#e32636,227,38,54
alloy_orange,Alloy Orange,#c46210,196,98,16
almond,Almond,#efdecd,239,222,205
amaranth,Amaranth,#e52b50,229,43,80
amber,Amber,#ffbf00,255,191,0
amber_sae_ece,Amber (Sae/Ece),#ff7e00,255,126,0
american_rose,American Rose,#ff033e,255,3,62
amethyst,Amethyst,#96c,153,102,204
android_green,Android Green,#a4c639,164,198,57
anti_flash_white,Anti-Flash White,#f2f3f4,242,243,244
antique_brass,Antique Brass,#cd9575,205,149,117
antique_fuchsia,Antique Fuchsia,#915c83,145,92,131
antique_ruby,Antique Ruby,#841b2d,132,27,45
antique_white,Antique White,#faebd7,250,235,215
AntiqueWhite,Antiquewhite,#faebd7,250,235,215
AntiqueWhite1,Antiquewhite1,#ffefdb,255,239,219
AntiqueWhite2,Antiquewhite2,#eedfcc,238,223,204
AntiqueWhite3,Antiquewhite3,#cdc0b0,205,192,176
AntiqueWhite4,Antiquewhite4,#8b8378,139,131,120
ao_english,Ao (English),#008000,0,128,0
apple_green,Apple Green,#8db600,141,182,0
apricot,Apricot,#fbceb1,251,206,177
aqua,Aqua,#0ff,0,255,255
aqua,Aqua,#00ffff,0,255,255
aquamarine,Aquamarine,#7fffd4,127,255,212
Aquamarine,Aquamarine,#70db93,112,219,147
aquamarine1,Aquamarine1,#7fffd4,127,255,212
aquamarine2,Aquamarine2,#76eec6,118,238,198
"aquamarine3, MediumAquamarine","Aquamarine3, Mediumaquamarine",#66cdaa,102,205,170
aquamarine4,Aquamarine4,#458b74,69,139,116
army_green,Army Green,#4b5320,75,83,32
arsenic,Arsenic,#3b444b,59,68,75
arylide_yellow,Arylide Yellow,#e9d66b,233,214,107
ash_grey,Ash Grey,#b2beb5,178,190,181
asparagus,Asparagus,#87a96b,135,169,107
atomic_tangerine,Atomic Tangerine,#f96,255,153,102
auburn,Auburn,#a52a2a,165,42,42
aureolin,Aureolin,#fdee00,253,238,0
aurometalsaurus,Aurometalsaurus,#6e7f80,110,127,128
avocado,Avocado,#568203,86,130,3
azure,Azure,#007fff,0,127,255
azure_mist_web,Azure Mist/Web,#f0ffff,240,255,255
azure1,Azure1,#f0ffff,240,255,255
azure2,Azure2,#e0eeee,224,238,238
azure3,Azure3,#c1cdcd,193,205,205
azure4,Azure4,#838b8b,131,139,139
baby_blue,Baby Blue,#89cff0,137,207,240
baby_blue_eyes,Baby Blue Eyes,#a1caf1,161,202,241
baby_pink,Baby Pink,#f4c2c2,244,194,194
baker's chocolate,Baker'S Chocolate,#5c3317,92,51,23
ball_blue,Ball Blue,#21abcd,33,171,205
banana_mania,Banana Mania,#fae7b5,250,231,181
banana_yellow,Banana Yellow,#ffe135,255,225,53
barn_red,Barn Red,#7c0a02,124,10,2
battleship_grey,Battleship Grey,#848482,132,132,130
bazaar,Bazaar,#98777b,152,119,123
beau_blue,Beau Blue,#bcd4e6,188,212,230
beaver,Beaver,#9f8170,159,129,112
beige,Beige,#f5f5dc,245,245,220
big_dip_o_ruby,Big Dip O‚ÄôRuby,#9c2542,156,37,66
bisque,Bisque,#ffe4c4,255,228,196
bisque1,Bisque1,#ffe4c4,255,228,196
bisque2,Bisque2,#eed5b7,238,213,183
bisque3,Bisque3,#cdb79e,205,183,158
bisque4,Bisque4,#8b7d6b,139,125,107
bistre,Bistre,#3d2b1f,61,43,31
bittersweet,Bittersweet,#fe6f5e,254,111,94
bittersweet_shimmer,Bittersweet Shimmer,#bf4f51,191,79,81
black,Black,#000,0,0,0
black,Black,#0,0,0,0
black_bean,Black Bean,#3d0c02,61,12,2
black_leather_jacket,Black Leather Jacket,#253529,37,53,41
black_olive,Black Olive,#3b3c36,59,60,54
blanched_almond,Blanched Almond,#ffebcd,255,235,205
BlanchedAlmond,Blanchedalmond,#ffebcd,255,235,205
blast_off_bronze,Blast-Off Bronze,#a57164,165,113,100
bleu_de_france,Bleu De France,#318ce7,49,140,231
blizzard_blue,Blizzard Blue,#ace5ee,172,229,238
blond,Blond,#faf0be,250,240,190
blue,Blue,#00f,0,0,255
blue,Blue,#0000ff,0,0,255
blue_bell,Blue Bell,#a2a2d0,162,162,208
blue_crayola,Blue (Crayola),#1f75fe,31,117,254
blue_gray,Blue Gray,#69c,102,153,204
blue_green,Blue-Green,#0d98ba,13,152,186
blue_munsell,Blue (Munsell),#0093af,0,147,175
blue_ncs,Blue (Ncs),#0087bd,0,135,189
blue_pigment,Blue (Pigment),#339,51,51,153
blue_ryb,Blue (Ryb),#0247fe,2,71,254
blue_sapphire,Blue Sapphire,#126180,18,97,128
blue_violet,Blue-Violet,#8a2be2,138,43,226
blue1,Blue1,#0000ff,0,0,255
blue2,Blue2,#0000ee,0,0,238
blue3,Blue3,#0000cd,0,0,205
blue4,Blue4,#00008b,0,0,139
BlueViolet,Blueviolet,#8a2be2,138,43,226
blush,Blush,#de5d83,222,93,131
bole,Bole,#79443b,121,68,59
bondi_blue,Bondi Blue,#0095b6,0,149,182
bone,Bone,#e3dac9,227,218,201
boston_university_red,Boston University Red,#c00,204,0,0
bottle_green,Bottle Green,#006a4e,0,106,78
boysenberry,Boysenberry,#873260,135,50,96
brandeis_blue,Brandeis Blue,#0070ff,0,112,255
brass,Brass,#b5a642,181,166,66
brick_red,Brick Red,#cb4154,203,65,84
bright gold,Bright Gold,#d9d919,217,217,25
bright_cerulean,Bright Cerulean,#1dacd6,29,172,214
bright_green,Bright Green,#6f0,102,255,0
bright_lavender,Bright Lavender,#bf94e4,191,148,228
bright_maroon,Bright Maroon,#c32148,195,33,72
bright_pink,Bright Pink,#ff007f,255,0,127
bright_turquoise,Bright Turquoise,#08e8de,8,232,222
bright_ube,Bright Ube,#d19fe8,209,159,232
brilliant_lavender,Brilliant Lavender,#f4bbff,244,187,255
brilliant_rose,Brilliant Rose,#ff55a3,255,85,163
brink_pink,Brink Pink,#fb607f,251,96,127
british_racing_green,British Racing Green,#004225,0,66,37
bronze,Bronze,#cd7f32,205,127,50
bronze,Bronze,#8c7853,140,120,83
bronze II,Bronze Ii,#a67d3d,166,125,61
brown,Brown,#a52a2a,165,42,42
brown,Brown,#a62a2a,166,42,42
brown_traditional,Brown (Traditional),#964b00,150,75,0
brown_web,Brown (Web),#a52a2a,165,42,42
brown1,Brown1,#ff4040,255,64,64
brown2,Brown2,#ee3b3b,238,59,59
brown3,Brown3,#cd3333,205,51,51
brown4,Brown4,#8b2323,139,35,35
bubble_gum,Bubble Gum,#ffc1cc,255,193,204
bubbles,Bubbles,#e7feff,231,254,255
buff,Buff,#f0dc82,240,220,130
bulgarian_rose,Bulgarian Rose,#480607,72,6,7
burgundy,Burgundy,#800020,128,0,32
burlywood,Burlywood,#deb887,222,184,135
burlywood1,Burlywood1,#ffd39b,255,211,155
burlywood2,Burlywood2,#eec591,238,197,145
burlywood3,Burlywood3,#cdaa7d,205,170,125
burlywood4,Burlywood4,#8b7355,139,115,85
burnt_orange,Burnt Orange,#c50,204,85,0
burnt_sienna,Burnt Sienna,#e97451,233,116,81
burnt_umber,Burnt Umber,#8a3324,138,51,36
byzantine,Byzantine,#bd33a4,189,51,164
byzantium,Byzantium,#702963,112,41,99
cadet,Cadet,#536872,83,104,114
Cadet Blue,Cadet Blue,#5f9f9f,95,159,159
cadet_blue,Cadet Blue,#5f9ea0,95,158,160
cadet_grey,Cadet Grey,#91a3b0,145,163,176
CadetBlue,Cadetblue,#5f9ea0,95,158,160
CadetBlue1,Cadetblue1,#98f5ff,152,245,255
CadetBlue2,Cadetblue2,#8ee5ee,142,229,238
CadetBlue3,Cadetblue3,#7ac5cd,122,197,205
CadetBlue4,Cadetblue4,#53868b,83,134,139
cadmium_green,Cadmium Green,#006b3c,0,107,60
cadmium_orange,Cadmium Orange,#ed872d,237,135,45
cadmium_red,Cadmium Red,#e30022,227,0,34
cadmium_yellow,Cadmium Yellow,#fff600,255,246,0
caf_au_lait,Caf√© Au Lait,#a67b5b,166,123,91
caf_noir,Caf√© Noir,#4b3621,75,54,33
cal_poly_green,Cal Poly Green,#1e4d2b,30,77,43
cambridge_blue,Cambridge Blue,#a3c1ad,163,193,173
camel,Camel,#c19a6b,193,154,107
cameo_pink,Cameo Pink,#efbbcc,239,187,204
camouflage_green,Camouflage Green,#78866b,120,134,107
canary_yellow,Canary Yellow,#ffef00,255,239,0
candy_apple_red,Candy Apple Red,#ff0800,255,8,0
candy_pink,Candy Pink,#e4717a,228,113,122
capri,Capri,#00bfff,0,191,255
caput_mortuum,Caput Mortuum,#592720,89,39,32
cardinal,Cardinal,#c41e3a,196,30,58
caribbean_green,Caribbean Green,#0c9,0,204,153
carmine,Carmine,#960018,150,0,24
carmine_m_p,Carmine (M&P),#d70040,215,0,64
carmine_pink,Carmine Pink,#eb4c42,235,76,66
carmine_red,Carmine Red,#ff0038,255,0,56
carnation_pink,Carnation Pink,#ffa6c9,255,166,201
carnelian,Carnelian,#b31b1b,179,27,27
carolina_blue,Carolina Blue,#99badd,153,186,221
carrot_orange,Carrot Orange,#ed9121,237,145,33
catalina_blue,Catalina Blue,#062a78,6,42,120
ceil,Ceil,#92a1cf,146,161,207
celadon,Celadon,#ace1af,172,225,175
celadon_blue,Celadon Blue,#007ba7,0,123,167
celadon_green,Celadon Green,#2f847c,47,132,124
celeste_colour,Celeste (Colour),#b2ffff,178,255,255
celestial_blue,Celestial Blue,#4997d0,73,151,208
cerise,Cerise,#de3163,222,49,99
cerise_pink,Cerise Pink,#ec3b83,236,59,131
cerulean,Cerulean,#007ba7,0,123,167
cerulean_blue,Cerulean Blue,#2a52be,42,82,190
cerulean_frost,Cerulean Frost,#6d9bc3,109,155,195
cg_blue,Cg Blue,#007aa5,0,122,165
cg_red,Cg Red,#e03c31,224,60,49
chamoisee,Chamoisee,#a0785a,160,120,90
champagne,Champagne,#fad6a5,250,214,165
charcoal,Charcoal,#36454f,54,69,79
charm_pink,Charm Pink,#e68fac,230,143,172
chartreuse,Chartreuse,#7fff00,127,255,0
chartreuse_traditional,Chartreuse (Traditional),#dfff00,223,255,0
chartreuse_web,Chartreuse (Web),#7fff00,127,255,0
chartreuse1,Chartreuse1,#7fff00,127,255,0
chartreuse2,Chartreuse2,#76ee00,118,238,0
chartreuse3,Chartreuse3,#66cd00,102,205,0
chartreuse4,Chartreuse4,#458b00,69,139,0
cherry,Cherry,#de3163,222,49,99
cherry_blossom_pink,Cherry Blossom Pink,#ffb7c5,255,183,197
chestnut,Chestnut,#cd5c5c,205,92,92
china_pink,China Pink,#de6fa1,222,111,161
china_rose,China Rose,#a8516e,168,81,110
chinese_red,Chinese Red,#aa381e,170,56,30
chocolate,Chocolate,#d2691e,210,105,30
chocolate_traditional,Chocolate (Traditional),#7b3f00,123,63,0
chocolate_web,Chocolate (Web),#d2691e,210,105,30
chocolate1,Chocolate1,#ff7f24,255,127,36
chocolate2,Chocolate2,#ee7621,238,118,33
chocolate3,Chocolate3,#cd661d,205,102,29
chocolate4,Chocolate4,#8b4513,139,69,19
chrome_yellow,Chrome Yellow,#ffa700,255,167,0
cinereous,Cinereous,#98817b,152,129,123
cinnabar,Cinnabar,#e34234,227,66,52
cinnamon,Cinnamon,#d2691e,210,105,30
citrine,Citrine,#e4d00a,228,208,10
classic_rose,Classic Rose,#fbcce7,251,204,231
cobalt,Cobalt,#0047ab,0,71,171
cocoa_brown,Cocoa Brown,#d2691e,210,105,30
coffee,Coffee,#6f4e37,111,78,55
columbia_blue,Columbia Blue,#9bddff,155,221,255
congo_pink,Congo Pink,#f88379,248,131,121
cool copper,Cool Copper,#d98719,217,135,25
cool_black,Cool Black,#002e63,0,46,99
cool_grey,Cool Grey,#8c92ac,140,146,172
copper,Copper,#b87333,184,115,51
copper_crayola,Copper (Crayola),#da8a67,218,138,103
copper_penny,Copper Penny,#ad6f69,173,111,105
copper_red,Copper Red,#cb6d51,203,109,81
copper_rose,Copper Rose,#966,153,102,102
coquelicot,Coquelicot,#ff3800,255,56,0
coral,Coral,#ff7f50,255,127,80
coral,Coral,#ff7f00,255,127,0
coral_pink,Coral Pink,#f88379,248,131,121
coral_red,Coral Red,#ff4040,255,64,64
coral1,Coral1,#ff7256,255,114,86
coral2,Coral2,#ee6a50,238,106,80
coral3,Coral3,#cd5b45,205,91,69
coral4,Coral4,#8b3e2f,139,62,47
cordovan,Cordovan,#893f45,137,63,69
corn,Corn,#fbec5d,251,236,93
Corn Flower Blue,Corn Flower Blue,#42426f,66,66,111
cornell_red,Cornell Red,#b31b1b,179,27,27
cornflower_blue,Cornflower Blue,#6495ed,100,149,237
CornflowerBlue,Cornflowerblue,#6495ed,100,149,237
cornsilk,Cornsilk,#fff8dc,255,248,220
cornsilk1,Cornsilk1,#fff8dc,255,248,220
cornsilk2,Cornsilk2,#eee8cd,238,232,205
cornsilk3,Cornsilk3,#cdc8b1,205,200,177
cornsilk4,Cornsilk4,#8b8878,139,136,120
cosmic_latte,Cosmic Latte,#fff8e7,255,248,231
cotton_candy,Cotton Candy,#ffbcd9,255,188,217
cream,Cream,#fffdd0,255,253,208
crimson,Crimson,#dc143c,220,20,60
crimson_glory,Crimson Glory,#be0032,190,0,50
CSS Gold,Css Gold,#cc9900,204,153,0
cyan,Cyan,#0ff,0,255,255
cyan,Cyan,#00ffff,0,255,255
cyan_process,Cyan (Process),#00b7eb,0,183,235
cyan1,Cyan1,#00ffff,0,255,255
cyan2,Cyan2,#00eeee,0,238,238
cyan3,Cyan3,#00cdcd,0,205,205
cyan4,Cyan4,#008b8b,0,139,139
daffodil,Daffodil,#ffff31,255,255,49
dandelion,Dandelion,#f0e130,240,225,48
dark brown,Dark Brown,#5c4033,92,64,51
Dark Green,Dark Green,#2f4f2f,47,79,47
dark green copper,Dark Green Copper,#4a766e,74,118,110
Dark Olive Green,Dark Olive Green,#4f4f2f,79,79,47
Dark Orchid,Dark Orchid,#9932cd,153,50,205
Dark Purple,Dark Purple,#871f78,135,31,120
Dark Slate Blue,Dark Slate Blue,#241882,36,24,130
Dark Slate Grey,Dark Slate Grey,#2f4f4f,47,79,79
Dark Tan,Dark Tan,#97694f,151,105,79
Dark Turquoise,Dark Turquoise,#7093db,112,147,219
Dark Wood,Dark Wood,#8.55e+44,133,94,66
dark_blue,Dark Blue,#00008b,0,0,139
dark_brown,Dark Brown,#654321,101,67,33
dark_byzantium,Dark Byzantium,#5d3954,93,57,84
dark_candy_apple_red,Dark Candy Apple Red,#a40000,164,0,0
dark_cerulean,Dark Cerulean,#08457e,8,69,126
dark_chestnut,Dark Chestnut,#986960,152,105,96
dark_coral,Dark Coral,#cd5b45,205,91,69
dark_cyan,Dark Cyan,#008b8b,0,139,139
dark_electric_blue,Dark Electric Blue,#536878,83,104,120
dark_goldenrod,Dark Goldenrod,#b8860b,184,134,11
dark_gray,Dark Gray,#a9a9a9,169,169,169
dark_green,Dark Green,#013220,1,50,32
dark_imperial_blue,Dark Imperial Blue,#00416a,0,65,106
dark_jungle_green,Dark Jungle Green,#1a2421,26,36,33
dark_khaki,Dark Khaki,#bdb76b,189,183,107
dark_lava,Dark Lava,#483c32,72,60,50
dark_lavender,Dark Lavender,#734f96,115,79,150
dark_magenta,Dark Magenta,#8b008b,139,0,139
dark_midnight_blue,Dark Midnight Blue,#036,0,51,102
dark_olive_green,Dark Olive Green,#556b2f,85,107,47
dark_orange,Dark Orange,#ff8c00,255,140,0
dark_orchid,Dark Orchid,#9932cc,153,50,204
dark_pastel_blue,Dark Pastel Blue,#779ecb,119,158,203
dark_pastel_green,Dark Pastel Green,#03c03c,3,192,60
dark_pastel_purple,Dark Pastel Purple,#966fd6,150,111,214
dark_pastel_red,Dark Pastel Red,#c23b22,194,59,34
dark_pink,Dark Pink,#e75480,231,84,128
dark_powder_blue,Dark Powder Blue,#039,0,51,153
dark_raspberry,Dark Raspberry,#872657,135,38,87
dark_red,Dark Red,#8b0000,139,0,0
dark_salmon,Dark Salmon,#e9967a,233,150,122
dark_scarlet,Dark Scarlet,#560319,86,3,25
dark_sea_green,Dark Sea Green,#8fbc8f,143,188,143
dark_sienna,Dark Sienna,#3c1414,60,20,20
dark_slate_blue,Dark Slate Blue,#483d8b,72,61,139
dark_slate_gray,Dark Slate Gray,#2f4f4f,47,79,79
dark_spring_green,Dark Spring Green,#177245,23,114,69
dark_tan,Dark Tan,#918151,145,129,81
dark_tangerine,Dark Tangerine,#ffa812,255,168,18
dark_taupe,Dark Taupe,#483c32,72,60,50
dark_terra_cotta,Dark Terra Cotta,#cc4e5c,204,78,92
dark_turquoise,Dark Turquoise,#00ced1,0,206,209
dark_violet,Dark Violet,#9400d3,148,0,211
dark_yellow,Dark Yellow,#9b870c,155,135,12
DarkGoldenrod,Darkgoldenrod,#b8860b,184,134,11
DarkGoldenrod1,Darkgoldenrod1,#ffb90f,255,185,15
DarkGoldenrod2,Darkgoldenrod2,#eead0e,238,173,14
DarkGoldenrod3,Darkgoldenrod3,#cd950c,205,149,12
DarkGoldenrod4,Darkgoldenrod4,#8b6508,139,101,8
DarkGreen,Darkgreen,#6400,0,100,0
DarkKhaki,Darkkhaki,#bdb76b,189,183,107
DarkOliveGreen,Darkolivegreen,#556b2f,85,107,47
DarkOliveGreen1,Darkolivegreen1,#caff70,202,255,112
DarkOliveGreen2,Darkolivegreen2,#bcee68,188,238,104
DarkOliveGreen3,Darkolivegreen3,#a2cd5a,162,205,90
DarkOliveGreen4,Darkolivegreen4,#6e8b3d,110,139,61
DarkOrange,Darkorange,#ff8c00,255,140,0
DarkOrange1,Darkorange1,#ff7f00,255,127,0
DarkOrange2,Darkorange2,#ee7600,238,118,0
DarkOrange3,Darkorange3,#cd6600,205,102,0
DarkOrange4,Darkorange4,#8b4500,139,69,0
DarkOrchid,Darkorchid,#9932cc,153,50,204
DarkOrchid1,Darkorchid1,#bf3eff,191,62,255
DarkOrchid2,Darkorchid2,#b23aee,178,58,238
DarkOrchid3,Darkorchid3,#9a32cd,154,50,205
DarkOrchid4,Darkorchid4,#68228b,104,34,139
DarkSalmon,Darksalmon,#e9967a,233,150,122
DarkSeaGreen,Darkseagreen,#8fbc8f,143,188,143
DarkSeaGreen1,Darkseagreen1,#c1ffc1,193,255,193
DarkSeaGreen2,Darkseagreen2,#b4eeb4,180,238,180
DarkSeaGreen3,Darkseagreen3,#9bcd9b,155,205,155
DarkSeaGreen4,Darkseagreen4,#698b69,105,139,105
DarkSlateBlue,Darkslateblue,#483d8b,72,61,139
DarkSlateGray,Darkslategray,#2f4f4f,47,79,79
DarkSlateGray1,Darkslategray1,#97ffff,151,255,255
DarkSlateGray2,Darkslategray2,#8deeee,141,238,238
DarkSlateGray3,Darkslategray3,#79cdcd,121,205,205
DarkSlateGray4,Darkslategray4,#528b8b,82,139,139
DarkTurquoise,Darkturquoise,#00ced1,0,206,209
DarkViolet,Darkviolet,#9400d3,148,0,211
dartmouth_green,Dartmouth Green,#00703c,0,112,60
davy_s_grey,Davy'S Grey,#555,85,85,85
debian_red,Debian Red,#d70a53,215,10,83
deep_carmine,Deep Carmine,#a9203e,169,32,62
deep_carmine_pink,Deep Carmine Pink,#ef3038,239,48,56
deep_carrot_orange,Deep Carrot Orange,#e9692c,233,105,44
deep_cerise,Deep Cerise,#da3287,218,50,135
deep_champagne,Deep Champagne,#fad6a5,250,214,165
deep_chestnut,Deep Chestnut,#b94e48,185,78,72
deep_coffee,Deep Coffee,#704241,112,66,65
deep_fuchsia,Deep Fuchsia,#c154c1,193,84,193
deep_jungle_green,Deep Jungle Green,#004b49,0,75,73
deep_lilac,Deep Lilac,#95b,153,85,187
deep_magenta,Deep Magenta,#c0c,204,0,204
deep_peach,Deep Peach,#ffcba4,255,203,164
deep_pink,Deep Pink,#ff1493,255,20,147
deep_ruby,Deep Ruby,#843f5b,132,63,91
deep_saffron,Deep Saffron,#f93,255,153,51
deep_sky_blue,Deep Sky Blue,#00bfff,0,191,255
deep_tuscan_red,Deep Tuscan Red,#66424d,102,66,77
DeepPink,Deeppink,#ff1493,255,20,147
DeepPink1,Deeppink1,#ff1493,255,20,147
DeepPink2,Deeppink2,#ee1289,238,18,137
DeepPink3,Deeppink3,#cd1076,205,16,118
DeepPink4,Deeppink4,#8b0a50,139,10,80
DeepSkyBlue,Deepskyblue,#00bfff,0,191,255
DeepSkyBlue1,Deepskyblue1,#00bfff,0,191,255
DeepSkyBlue2,Deepskyblue2,#00b2ee,0,178,238
DeepSkyBlue3,Deepskyblue3,#009acd,0,154,205
DeepSkyBlue4,Deepskyblue4,#00688b,0,104,139
denim,Denim,#1560bd,21,96,189
desert,Desert,#c19a6b,193,154,107
desert_sand,Desert Sand,#edc9af,237,201,175
Dim Grey,Dim Grey,#545454,84,84,84
dim_gray,Dim Gray,#696969,105,105,105
DimGrey,Dimgrey,#696969,105,105,105
dodger_blue,Dodger Blue,#1e90ff,30,144,255
DodgerBlue,Dodgerblue,#1e90ff,30,144,255
DodgerBlue1,Dodgerblue1,#1e90ff,30,144,255
DodgerBlue2,Dodgerblue2,#1c86ee,28,134,238
DodgerBlue3,Dodgerblue3,#1874cd,24,116,205
DodgerBlue4,Dodgerblue4,#104e8b,16,78,139
dogwood_rose,Dogwood Rose,#d71868,215,24,104
dollar_bill,Dollar Bill,#85bb65,133,187,101
drab,Drab,#967117,150,113,23
duke_blue,Duke Blue,#00009c,0,0,156
Dusty Rose,Dusty Rose,#856363,133,99,99
earth_yellow,Earth Yellow,#e1a95f,225,169,95
ebony,Ebony,#555d50,85,93,80
ecru,Ecru,#c2b280,194,178,128
eggplant,Eggplant,#614051,97,64,81
eggshell,Eggshell,#f0ead6,240,234,214
egyptian_blue,Egyptian Blue,#1034a6,16,52,166
electric_blue,Electric Blue,#7df9ff,125,249,255
electric_crimson,Electric Crimson,#ff003f,255,0,63
electric_cyan,Electric Cyan,#0ff,0,255,255
electric_green,Electric Green,#0f0,0,255,0
electric_indigo,Electric Indigo,#6f00ff,111,0,255
electric_lavender,Electric Lavender,#f4bbff,244,187,255
electric_lime,Electric Lime,#cf0,204,255,0
electric_purple,Electric Purple,#bf00ff,191,0,255
electric_ultramarine,Electric Ultramarine,#3f00ff,63,0,255
electric_violet,Electric Violet,#8f00ff,143,0,255
electric_yellow,Electric Yellow,#ff0,255,255,0
emerald,Emerald,#50c878,80,200,120
english_lavender,English Lavender,#b48395,180,131,149
eton_blue,Eton Blue,#96c8a2,150,200,162
fallow,Fallow,#c19a6b,193,154,107
falu_red,Falu Red,#801818,128,24,24
fandango,Fandango,#b53389,181,51,137
fashion_fuchsia,Fashion Fuchsia,#f400a1,244,0,161
fawn,Fawn,#e5aa70,229,170,112
feldgrau,Feldgrau,#4d5d53,77,93,83
Feldspar,Feldspar,#d19275,209,146,117
fern_green,Fern Green,#4f7942,79,121,66
ferrari_red,Ferrari Red,#ff2800,255,40,0
field_drab,Field Drab,#6c541e,108,84,30
fire_engine_red,Fire Engine Red,#ce2029,206,32,41
firebrick,Firebrick,#b22222,178,34,34
Firebrick,Firebrick,#8e2323,142,35,35
firebrick1,Firebrick1,#ff3030,255,48,48
firebrick2,Firebrick2,#ee2c2c,238,44,44
firebrick3,Firebrick3,#cd2626,205,38,38
firebrick4,Firebrick4,#8b1a1a,139,26,26
flame,Flame,#e25822,226,88,34
flamingo_pink,Flamingo Pink,#fc8eac,252,142,172
flavescent,Flavescent,#f7e98e,247,233,142
flax,Flax,#eedc82,238,220,130
Flesh,Flesh,#f5ccb0,245,204,176
floral_white,Floral White,#fffaf0,255,250,240
FloralWhite,Floralwhite,#fffaf0,255,250,240
fluorescent_orange,Fluorescent Orange,#ffbf00,255,191,0
fluorescent_pink,Fluorescent Pink,#ff1493,255,20,147
fluorescent_yellow,Fluorescent Yellow,#cf0,204,255,0
folly,Folly,#ff004f,255,0,79
"Forest Green, Khaki, Medium Aquamarine","Forest Green, Khaki, Medium Aquamarine",#2.38e+25,35,142,35
forest_green_traditional,Forest Green (Traditional),#014421,1,68,33
forest_green_web,Forest Green (Web),#228b22,34,139,34
ForestGreen,Forestgreen,#228b22,34,139,34
Free Speech Aquamarine,Free Speech Aquamarine,#029d74,2,157,116
Free Speech Blue,Free Speech Blue,#4156c5,65,86,197
Free Speech Green,Free Speech Green,#09f911,9,249,17
Free Speech Grey,Free Speech Grey,#635688,99,86,136
Free Speech Magenta,Free Speech Magenta,#e35bd8,227,91,216
Free Speech Red,Free Speech Red,#c00000,192,0,0
french_beige,French Beige,#a67b5b,166,123,91
french_blue,French Blue,#0072bb,0,114,187
french_lilac,French Lilac,#86608e,134,96,142
french_lime,French Lime,#cf0,204,255,0
french_raspberry,French Raspberry,#c72c48,199,44,72
french_rose,French Rose,#f64a8a,246,74,138
fuchsia,Fuchsia,#f0f,255,0,255
fuchsia,Fuchsia,#ff00ff,255,0,255
fuchsia_crayola,Fuchsia (Crayola),#c154c1,193,84,193
fuchsia_pink,Fuchsia Pink,#f7f,255,119,255
fuchsia_rose,Fuchsia Rose,#c74375,199,67,117
fulvous,Fulvous,#e48400,228,132,0
fuzzy_wuzzy,Fuzzy Wuzzy,#c66,204,102,102
gainsboro,Gainsboro,#dcdcdc,220,220,220
gamboge,Gamboge,#e49b0f,228,155,15
ghost_white,Ghost White,#f8f8ff,248,248,255
GhostWhite,Ghostwhite,#f8f8ff,248,248,255
ginger,Ginger,#b06500,176,101,0
glaucous,Glaucous,#6082b6,96,130,182
glitter,Glitter,#e6e8fa,230,232,250
gold,Gold,#ffd700,255,215,0
gold,Gold,#cd7f32,205,127,50
gold_metallic,Gold (Metallic),#d4af37,212,175,55
gold_web_golden,Gold (Web) (Golden),#ffd700,255,215,0
gold1,Gold1,#ffd700,255,215,0
gold2,Gold2,#eec900,238,201,0
gold3,Gold3,#cdad00,205,173,0
gold4,Gold4,#8b7500,139,117,0
golden_brown,Golden Brown,#996515,153,101,21
golden_poppy,Golden Poppy,#fcc200,252,194,0
golden_yellow,Golden Yellow,#ffdf00,255,223,0
goldenrod,Goldenrod,#daa520,218,165,32
Goldenrod,Goldenrod,#dbdb70,219,219,112
goldenrod1,Goldenrod1,#ffc125,255,193,37
goldenrod2,Goldenrod2,#eeb422,238,180,34
goldenrod3,Goldenrod3,#cd9b1d,205,155,29
goldenrod4,Goldenrod4,#8b6914,139,105,20
granny_smith_apple,Granny Smith Apple,#a8e4a0,168,228,160
gray,Gray,#808080,128,128,128
gray_asparagus,Gray-Asparagus,#465945,70,89,69
gray_html_css_gray,Gray (Html/Css Gray),#808080,128,128,128
gray_x11_gray,Gray (X11 Gray),#bebebe,190,190,190
green,Green,#00ff00,0,255,0
green,Green,#8000,0,128,0
Green Copper,Green Copper,#856363,133,99,99
Green Yellow†[sic],Green Yellow†[Sic],#d19275,209,146,117
green_color_wheel_x11_green,Green (Color Wheel) (X11 Green),#0f0,0,255,0
green_crayola,Green (Crayola),#1cac78,28,172,120
green_html_css_green,Green (Html/Css Green),#008000,0,128,0
green_munsell,Green (Munsell),#00a877,0,168,119
green_ncs,Green (Ncs),#009f6b,0,159,107
green_pigment,Green (Pigment),#00a550,0,165,80
green_ryb,Green (Ryb),#66b032,102,176,50
green_yellow,Green-Yellow,#adff2f,173,255,47
green1,Green1,#00ff00,0,255,0
green2,Green2,#00ee00,0,238,0
green3,Green3,#00cd00,0,205,0
green4,Green4,#008b00,0,139,0
GreenYellow,Greenyellow,#adff2f,173,255,47
Grey,Grey,#545454,84,84,84
grey,Grey,#bebebe,190,190,190
"Grey, Silver","Grey, Silver",#c0c0c0,192,192,192
grey1,Grey1,#30303,3,3,3
grey10,Grey10,#1a1a1a,26,26,26
"grey100, White","Grey100, White",#ffffff,255,255,255
grey11,Grey11,#1c1c1c,28,28,28
grey12,Grey12,#1f1f1f,31,31,31
grey13,Grey13,#212121,33,33,33
grey14,Grey14,#242424,36,36,36
grey15,Grey15,#262626,38,38,38
grey16,Grey16,#292929,41,41,41
grey17,Grey17,#2b2b2b,43,43,43
grey18,Grey18,#2e2e2e,46,46,46
grey19,Grey19,#303030,48,48,48
grey2,Grey2,#50505,5,5,5
grey20,Grey20,#333333,51,51,51
grey21,Grey21,#363636,54,54,54
grey22,Grey22,#383838,56,56,56
grey23,Grey23,#3b3b3b,59,59,59
grey24,Grey24,#3d3d3d,61,61,61
grey25,Grey25,#404040,64,64,64
grey26,Grey26,#424242,66,66,66
grey27,Grey27,#454545,69,69,69
grey28,Grey28,#474747,71,71,71
grey29,Grey29,#4a4a4a,74,74,74
grey3,Grey3,#80808,8,8,8
grey30,Grey30,#4d4d4d,77,77,77
grey31,Grey31,#4f4f4f,79,79,79
grey32,Grey32,#525252,82,82,82
grey33,Grey33,#545454,84,84,84
grey34,Grey34,#575757,87,87,87
grey35,Grey35,#595959,89,89,89
grey36,Grey36,#5c5c5c,92,92,92
grey37,Grey37,#5e5e5e,94,94,94
grey38,Grey38,#616161,97,97,97
grey39,Grey39,#636363,99,99,99
grey4,Grey4,#0a0a0a,10,10,10
grey40,Grey40,#666666,102,102,102
grey42,Grey42,#6b6b6b,107,107,107
grey43,Grey43,#6e6e6e,110,110,110
grey44,Grey44,#707070,112,112,112
grey45,Grey45,#737373,115,115,115
grey46,Grey46,#757575,117,117,117
grey47,Grey47,#787878,120,120,120
grey48,Grey48,#7a7a7a,122,122,122
grey49,Grey49,#7d7d7d,125,125,125
grey5,Grey5,#0d0d0d,13,13,13
grey50,Grey50,#7f7f7f,127,127,127
grey51,Grey51,#828282,130,130,130
grey52,Grey52,#858585,133,133,133
grey53,Grey53,#878787,135,135,135
grey54,Grey54,#8a8a8a,138,138,138
grey55,Grey55,#8c8c8c,140,140,140
grey56,Grey56,#8f8f8f,143,143,143
grey57,Grey57,#919191,145,145,145
grey58,Grey58,#949494,148,148,148
grey59,Grey59,#969696,150,150,150
grey6,Grey6,#0f0f0f,15,15,15
grey60,Grey60,#999999,153,153,153
grey61,Grey61,#9c9c9c,156,156,156
grey62,Grey62,#9e9e9e,158,158,158
grey63,Grey63,#a1a1a1,161,161,161
grey64,Grey64,#a3a3a3,163,163,163
grey65,Grey65,#a6a6a6,166,166,166
grey66,Grey66,#a8a8a8,168,168,168
grey67,Grey67,#ababab,171,171,171
grey68,Grey68,#adadad,173,173,173
grey69,Grey69,#b0b0b0,176,176,176
grey7,Grey7,#121212,18,18,18
grey70,Grey70,#b3b3b3,179,179,179
grey71,Grey71,#b5b5b5,181,181,181
grey72,Grey72,#b8b8b8,184,184,184
grey73,Grey73,#bababa,186,186,186
grey74,Grey74,#bdbdbd,189,189,189
grey75,Grey75,#bfbfbf,191,191,191
grey76,Grey76,#c2c2c2,194,194,194
grey77,Grey77,#c4c4c4,196,196,196
grey78,Grey78,#c7c7c7,199,199,199
grey79,Grey79,#c9c9c9,201,201,201
grey8,Grey8,#141414,20,20,20
grey80,Grey80,#cccccc,204,204,204
grey81,Grey81,#cfcfcf,207,207,207
grey82,Grey82,#d1d1d1,209,209,209
grey83,Grey83,#d4d4d4,212,212,212
grey84,Grey84,#d6d6d6,214,214,214
grey85,Grey85,#d9d9d9,217,217,217
grey86,Grey86,#dbdbdb,219,219,219
grey87,Grey87,#dedede,222,222,222
grey88,Grey88,#e0e0e0,224,224,224
grey89,Grey89,#e3e3e3,227,227,227
grey9,Grey9,#171717,23,23,23
grey90,Grey90,#e5e5e5,229,229,229
grey91,Grey91,#e8e8e8,232,232,232
grey92,Grey92,#ebebeb,235,235,235
grey93,Grey93,#ededed,237,237,237
grey94,Grey94,#f0f0f0,240,240,240
grey95,Grey95,#f2f2f2,242,242,242
grey96,Grey96,#f5f5f5,245,245,245
grey97,Grey97,#f7f7f7,247,247,247
grey98,Grey98,#fafafa,250,250,250
grey99,Grey99,#fcfcfc,252,252,252
grullo,Grullo,#a99a86,169,154,134
guppie_green,Guppie Green,#00ff7f,0,255,127
halay_be,Halay√† √∫Be,#663854,102,56,84
han_blue,Han Blue,#446ccf,68,108,207
han_purple,Han Purple,#5218fa,82,24,250
hansa_yellow,Hansa Yellow,#e9d66b,233,214,107
harlequin,Harlequin,#3fff00,63,255,0
harvard_crimson,Harvard Crimson,#c90016,201,0,22
harvest_gold,Harvest Gold,#da9100,218,145,0
heart_gold,Heart Gold,#808000,128,128,0
heliotrope,Heliotrope,#df73ff,223,115,255
hollywood_cerise,Hollywood Cerise,#f400a1,244,0,161
honeydew,Honeydew,#f0fff0,240,255,240
honeydew1,Honeydew1,#f0fff0,240,255,240
honeydew2,Honeydew2,#e0eee0,224,238,224
honeydew3,Honeydew3,#c1cdc1,193,205,193
honeydew4,Honeydew4,#838b83,131,139,131
honolulu_blue,Honolulu Blue,#007fbf,0,127,191
hooker_s_green,Hooker'S Green,#49796b,73,121,107
hot_magenta,Hot Magenta,#ff1dce,255,29,206
hot_pink,Hot Pink,#ff69b4,255,105,180
HotPink,Hotpink,#ff69b4,255,105,180
HotPink1,Hotpink1,#ff6eb4,255,110,180
HotPink2,Hotpink2,#ee6aa7,238,106,167
HotPink3,Hotpink3,#cd6090,205,96,144
HotPink4,Hotpink4,#8b3a62,139,58,98
Hunter Green†[sic],Hunter Green†[Sic],#8e2323,142,35,35
hunter_green,Hunter Green,#355e3b,53,94,59
iceberg,Iceberg,#71a6d2,113,166,210
icterine,Icterine,#fcf75e,252,247,94
imperial_blue,Imperial Blue,#002395,0,35,149
inchworm,Inchworm,#b2ec5d,178,236,93
india_green,India Green,#138808,19,136,8
Indian Red,Indian Red,#f5ccb0,245,204,176
indian_red,Indian Red,#cd5c5c,205,92,92
indian_yellow,Indian Yellow,#e3a857,227,168,87
IndianRed,Indianred,#cd5c5c,205,92,92
IndianRed1,Indianred1,#ff6a6a,255,106,106
IndianRed2,Indianred2,#ee6363,238,99,99
IndianRed3,Indianred3,#cd5555,205,85,85
IndianRed4,Indianred4,#8b3a3a,139,58,58
indigo,Indigo,#6f00ff,111,0,255
indigo_dye,Indigo (Dye),#00416a,0,65,106
indigo_web,Indigo (Web),#4b0082,75,0,130
international_klein_blue,International Klein Blue,#002fa7,0,47,167
international_orange_aerospace,International Orange (Aerospace),#ff4f00,255,79,0
international_orange_engineering,International Orange (Engineering),#ba160c,186,22,12
international_orange_golden_gate_bridge,International Orange (Golden Gate Bridge),#c0362c,192,54,44
iris,Iris,#5a4fcf,90,79,207
Iris Blue,Iris Blue,#03b4c8,3,180,200
isabelline,Isabelline,#f4f0ec,244,240,236
islamic_green,Islamic Green,#009000,0,144,0
ivory,Ivory,#fffff0,255,255,240
ivory1,Ivory1,#fffff0,255,255,240
ivory2,Ivory2,#eeeee0,238,238,224
ivory3,Ivory3,#cdcdc1,205,205,193
ivory4,Ivory4,#8b8b83,139,139,131
jade,Jade,#00a86b,0,168,107
jasmine,Jasmine,#f8de7e,248,222,126
jasper,Jasper,#d73b3e,215,59,62
jazzberry_jam,Jazzberry Jam,#a50b5e,165,11,94
jet,Jet,#343434,52,52,52
jonquil,Jonquil,#fada5e,250,218,94
june_bud,June Bud,#bdda57,189,218,87
jungle_green,Jungle Green,#29ab87,41,171,135
kelly_green,Kelly Green,#4cbb17,76,187,23
kenyan_copper,Kenyan Copper,#7c1c05,124,28,5
khaki,Khaki,#f0e68c,240,230,140
khaki_html_css_khaki,Khaki (Html/Css) (Khaki),#c3b091,195,176,145
khaki_x11_light_khaki,Khaki (X11) (Light Khaki),#f0e68c,240,230,140
khaki1,Khaki1,#fff68f,255,246,143
khaki2,Khaki2,#eee685,238,230,133
khaki3,Khaki3,#cdc673,205,198,115
khaki4,Khaki4,#8b864e,139,134,78
ku_crimson,Ku Crimson,#e8000d,232,0,13
la_salle_green,La Salle Green,#087830,8,120,48
languid_lavender,Languid Lavender,#d6cadd,214,202,221
lapis_lazuli,Lapis Lazuli,#26619c,38,97,156
laser_lemon,Laser Lemon,#fefe22,254,254,34
laurel_green,Laurel Green,#a9ba9d,169,186,157
lava,Lava,#cf1020,207,16,32
lavender,Lavender,#e6e6fa,230,230,250
lavender_blue,Lavender Blue,#ccf,204,204,255
lavender_blush,Lavender Blush,#fff0f5,255,240,245
lavender_floral,Lavender (Floral),#b57edc,181,126,220
lavender_gray,Lavender Gray,#c4c3d0,196,195,208
lavender_indigo,Lavender Indigo,#9457eb,148,87,235
lavender_magenta,Lavender Magenta,#ee82ee,238,130,238
lavender_mist,Lavender Mist,#e6e6fa,230,230,250
lavender_pink,Lavender Pink,#fbaed2,251,174,210
lavender_purple,Lavender Purple,#967bb6,150,123,182
lavender_rose,Lavender Rose,#fba0e3,251,160,227
lavender_web,Lavender (Web),#e6e6fa,230,230,250
LavenderBlush,Lavenderblush,#fff0f5,255,240,245
LavenderBlush1,Lavenderblush1,#fff0f5,255,240,245
LavenderBlush2,Lavenderblush2,#eee0e5,238,224,229
LavenderBlush3,Lavenderblush3,#cdc1c5,205,193,197
LavenderBlush4,Lavenderblush4,#8b8386,139,131,134
lawn_green,Lawn Green,#7cfc00,124,252,0
LawnGreen,Lawngreen,#7cfc00,124,252,0
lemon,Lemon,#fff700,255,247,0
lemon_chiffon,Lemon Chiffon,#fffacd,255,250,205
lemon_lime,Lemon Lime,#e3ff00,227,255,0
LemonChiffon,Lemonchiffon,#fffacd,255,250,205
LemonChiffon1,Lemonchiffon1,#fffacd,255,250,205
LemonChiffon2,Lemonchiffon2,#eee9bf,238,233,191
LemonChiffon3,Lemonchiffon3,#cdc9a5,205,201,165
LemonChiffon4,Lemonchiffon4,#8b8970,139,137,112
licorice,Licorice,#1a1110,26,17,16
Light Steel Blue,Light Steel Blue,#545454,84,84,84
Light Wood,Light Wood,#856363,133,99,99
light_apricot,Light Apricot,#fdd5b1,253,213,177
light_blue,Light Blue,#add8e6,173,216,230
light_brown,Light Brown,#b5651d,181,101,29
light_carmine_pink,Light Carmine Pink,#e66771,230,103,113
light_coral,Light Coral,#f08080,240,128,128
light_cornflower_blue,Light Cornflower Blue,#93ccea,147,204,234
light_crimson,Light Crimson,#f56991,245,105,145
light_cyan,Light Cyan,#e0ffff,224,255,255
light_fuchsia_pink,Light Fuchsia Pink,#f984ef,249,132,239
light_goldenrod_yellow,Light Goldenrod Yellow,#fafad2,250,250,210
light_gray,Light Gray,#d3d3d3,211,211,211
light_green,Light Green,#90ee90,144,238,144
light_khaki,Light Khaki,#f0e68c,240,230,140
light_pastel_purple,Light Pastel Purple,#b19cd9,177,156,217
light_pink,Light Pink,#ffb6c1,255,182,193
light_red_ochre,Light Red Ochre,#e97451,233,116,81
light_salmon,Light Salmon,#ffa07a,255,160,122
light_salmon_pink,Light Salmon Pink,#f99,255,153,153
light_sea_green,Light Sea Green,#20b2aa,32,178,170
light_sky_blue,Light Sky Blue,#87cefa,135,206,250
light_slate_gray,Light Slate Gray,#789,119,136,153
light_taupe,Light Taupe,#b38b6d,179,139,109
light_thulian_pink,Light Thulian Pink,#e68fac,230,143,172
light_yellow,Light Yellow,#ffffe0,255,255,224
LightBlue,Lightblue,#add8e6,173,216,230
LightBlue1,Lightblue1,#bfefff,191,239,255
LightBlue2,Lightblue2,#b2dfee,178,223,238
LightBlue3,Lightblue3,#9ac0cd,154,192,205
LightBlue4,Lightblue4,#68838b,104,131,139
LightCoral,Lightcoral,#f08080,240,128,128
LightCyan,Lightcyan,#e0ffff,224,255,255
LightCyan1,Lightcyan1,#e0ffff,224,255,255
LightCyan2,Lightcyan2,#d1eeee,209,238,238
LightCyan3,Lightcyan3,#b4cdcd,180,205,205
LightCyan4,Lightcyan4,#7a8b8b,122,139,139
LightGoldenrod,Lightgoldenrod,#eedd82,238,221,130
LightGoldenrod1,Lightgoldenrod1,#ffec8b,255,236,139
LightGoldenrod2,Lightgoldenrod2,#eedc82,238,220,130
LightGoldenrod3,Lightgoldenrod3,#cdbe70,205,190,112
LightGoldenrod4,Lightgoldenrod4,#8b814c,139,129,76
LightGoldenrodYellow,Lightgoldenrodyellow,#fafad2,250,250,210
LightGray,Lightgray,#d3d3d3,211,211,211
LightPink,Lightpink,#ffb6c1,255,182,193
LightPink1,Lightpink1,#ffaeb9,255,174,185
LightPink2,Lightpink2,#eea2ad,238,162,173
LightPink3,Lightpink3,#cd8c95,205,140,149
LightPink4,Lightpink4,#8b5f65,139,95,101
LightSalmon,Lightsalmon,#ffa07a,255,160,122
LightSalmon1,Lightsalmon1,#ffa07a,255,160,122
LightSalmon2,Lightsalmon2,#ee9572,238,149,114
LightSalmon3,Lightsalmon3,#cd8162,205,129,98
LightSalmon4,Lightsalmon4,#8b5742,139,87,66
LightSeaGreen,Lightseagreen,#20b2aa,32,178,170
LightSkyBlue,Lightskyblue,#87cefa,135,206,250
LightSkyBlue1,Lightskyblue1,#b0e2ff,176,226,255
LightSkyBlue2,Lightskyblue2,#a4d3ee,164,211,238
LightSkyBlue3,Lightskyblue3,#8db6cd,141,182,205
LightSkyBlue4,Lightskyblue4,#607b8b,96,123,139
LightSlateBlue,Lightslateblue,#8470ff,132,112,255
LightSlateGrey,Lightslategrey,#778899,119,136,153
LightSteelBlue,Lightsteelblue,#b0c4de,176,196,222
LightSteelBlue1,Lightsteelblue1,#cae1ff,202,225,255
LightSteelBlue2,Lightsteelblue2,#bcd2ee,188,210,238
LightSteelBlue3,Lightsteelblue3,#a2b5cd,162,181,205
LightSteelBlue4,Lightsteelblue4,#6e7b8b,110,123,139
LightYellow,Lightyellow,#ffffe0,255,255,224
LightYellow1,Lightyellow1,#ffffe0,255,255,224
LightYellow2,Lightyellow2,#eeeed1,238,238,209
LightYellow3,Lightyellow3,#cdcdb4,205,205,180
LightYellow4,Lightyellow4,#8b8b7a,139,139,122
lilac,Lilac,#c8a2c8,200,162,200
lime,Lime,#00ff00,0,255,0
lime_color_wheel,Lime (Color Wheel),#bfff00,191,255,0
lime_green,Lime Green,#32cd32,50,205,50
lime_web_x11_green,Lime (Web) (X11 Green),#0f0,0,255,0
LimeGreen,Limegreen,#32cd32,50,205,50
limerick,Limerick,#9dc209,157,194,9
lincoln_green,Lincoln Green,#195905,25,89,5
linen,Linen,#faf0e6,250,240,230
lion,Lion,#c19a6b,193,154,107
little_boy_blue,Little Boy Blue,#6ca0dc,108,160,220
liver,Liver,#534b4f,83,75,79
lust,Lust,#e62020,230,32,32
magenta,Magenta,#f0f,255,0,255
magenta,Magenta,#ff00ff,255,0,255
magenta_dye,Magenta (Dye),#ca1f7b,202,31,123
magenta_process,Magenta (Process),#ff0090,255,0,144
magenta1,Magenta1,#ff00ff,255,0,255
magenta2,Magenta2,#ee00ee,238,0,238
magenta3,Magenta3,#cd00cd,205,0,205
magenta4,Magenta4,#8b008b,139,0,139
magic_mint,Magic Mint,#aaf0d1,170,240,209
magnolia,Magnolia,#f8f4ff,248,244,255
mahogany,Mahogany,#c04000,192,64,0
maize,Maize,#fbec5d,251,236,93
majorelle_blue,Majorelle Blue,#6050dc,96,80,220
malachite,Malachite,#0bda51,11,218,81
manatee,Manatee,#979aaa,151,154,170
Mandarian Orange,Mandarian Orange,#8e2323,142,35,35
mango_tango,Mango Tango,#ff8243,255,130,67
mantis,Mantis,#74c365,116,195,101
mardi_gras,Mardi Gras,#880085,136,0,133
maroon,Maroon,#b03060,176,48,96
Maroon,Maroon,#800000,128,0,0
maroon_crayola,Maroon (Crayola),#c32148,195,33,72
maroon_html_css,Maroon (Html/Css),#800000,128,0,0
maroon_x11,Maroon (X11),#b03060,176,48,96
maroon1,Maroon1,#ff34b3,255,52,179
maroon2,Maroon2,#ee30a7,238,48,167
maroon3,Maroon3,#cd2990,205,41,144
maroon4,Maroon4,#8b1c62,139,28,98
mauve,Mauve,#e0b0ff,224,176,255
mauve_taupe,Mauve Taupe,#915f6d,145,95,109
mauvelous,Mauvelous,#ef98aa,239,152,170
maya_blue,Maya Blue,#73c2fb,115,194,251
meat_brown,Meat Brown,#e5b73b,229,183,59
Medium Forest Green,Medium Forest Green,#dbdb70,219,219,112
Medium Goldenrod,Medium Goldenrod,#eaeaae,234,234,174
Medium Orchid,Medium Orchid,#9370db,147,112,219
Medium Sea Green,Medium Sea Green,#426f42,66,111,66
Medium Slate Blue,Medium Slate Blue,#7f00ff,127,0,255
Medium Spring Green,Medium Spring Green,#7fff00,127,255,0
Medium Turquoise,Medium Turquoise,#70dbdb,112,219,219
Medium Violet Red,Medium Violet Red,#db7093,219,112,147
Medium Wood,Medium Wood,#a68064,166,128,100
medium_aquamarine,Medium Aquamarine,#6da,102,221,170
medium_blue,Medium Blue,#0000cd,0,0,205
medium_candy_apple_red,Medium Candy Apple Red,#e2062c,226,6,44
medium_carmine,Medium Carmine,#af4035,175,64,53
medium_champagne,Medium Champagne,#f3e5ab,243,229,171
medium_electric_blue,Medium Electric Blue,#035096,3,80,150
medium_jungle_green,Medium Jungle Green,#1c352d,28,53,45
medium_lavender_magenta,Medium Lavender Magenta,#dda0dd,221,160,221
medium_orchid,Medium Orchid,#ba55d3,186,85,211
medium_persian_blue,Medium Persian Blue,#0067a5,0,103,165
medium_purple,Medium Purple,#9370db,147,112,219
medium_red_violet,Medium Red-Violet,#bb3385,187,51,133
medium_ruby,Medium Ruby,#aa4069,170,64,105
medium_sea_green,Medium Sea Green,#3cb371,60,179,113
medium_slate_blue,Medium Slate Blue,#7b68ee,123,104,238
medium_spring_bud,Medium Spring Bud,#c9dc87,201,220,135
medium_spring_green,Medium Spring Green,#00fa9a,0,250,154
medium_taupe,Medium Taupe,#674c47,103,76,71
medium_turquoise,Medium Turquoise,#48d1cc,72,209,204
medium_tuscan_red,Medium Tuscan Red,#79443b,121,68,59
medium_vermilion,Medium Vermilion,#d9603b,217,96,59
medium_violet_red,Medium Violet-Red,#c71585,199,21,133
MediumBlue,Mediumblue,#0000cd,0,0,205
MediumOrchid,Mediumorchid,#ba55d3,186,85,211
MediumOrchid1,Mediumorchid1,#e066ff,224,102,255
MediumOrchid2,Mediumorchid2,#d15fee,209,95,238
MediumOrchid3,Mediumorchid3,#b452cd,180,82,205
MediumOrchid4,Mediumorchid4,#7a378b,122,55,139
MediumPurple,Mediumpurple,#9370db,147,112,219
MediumPurple1,Mediumpurple1,#ab82ff,171,130,255
MediumPurple2,Mediumpurple2,#9f79ee,159,121,238
MediumPurple3,Mediumpurple3,#8968cd,137,104,205
MediumPurple4,Mediumpurple4,#5d478b,93,71,139
MediumSeaGreen,Mediumseagreen,#3cb371,60,179,113
MediumSlateBlue,Mediumslateblue,#7b68ee,123,104,238
MediumSpringGreen,Mediumspringgreen,#00fa9a,0,250,154
MediumTurquoise,Mediumturquoise,#48d1cc,72,209,204
MediumVioletRed,Mediumvioletred,#c71585,199,21,133
mellow_apricot,Mellow Apricot,#f8b878,248,184,120
mellow_yellow,Mellow Yellow,#f8de7e,248,222,126
melon,Melon,#fdbcb4,253,188,180
Midnight Blue,Midnight Blue,#2f2f4f,47,47,79
midnight_blue,Midnight Blue,#191970,25,25,112
midnight_green_eagle_green,Midnight Green (Eagle Green),#004953,0,73,83
MidnightBlue,Midnightblue,#191970,25,25,112
mikado_yellow,Mikado Yellow,#ffc40c,255,196,12
mint,Mint,#3eb489,62,180,137
mint_cream,Mint Cream,#f5fffa,245,255,250
mint_green,Mint Green,#98ff98,152,255,152
MintCream,Mintcream,#f5fffa,245,255,250
misty_rose,Misty Rose,#ffe4e1,255,228,225
MistyRose,Mistyrose,#ffe4e1,255,228,225
MistyRose1,Mistyrose1,#ffe4e1,255,228,225
MistyRose2,Mistyrose2,#eed5d2,238,213,210
MistyRose3,Mistyrose3,#cdb7b5,205,183,181
MistyRose4,Mistyrose4,#8b7d7b,139,125,123
moccasin,Moccasin,#faebd7,250,235,215
moccasin,Moccasin,#ffe4b5,255,228,181
mode_beige,Mode Beige,#967117,150,113,23
moonstone_blue,Moonstone Blue,#73a9c2,115,169,194
mordant_red_19,Mordant Red 19,#ae0c00,174,12,0
moss_green,Moss Green,#addfad,173,223,173
mountain_meadow,Mountain Meadow,#30ba8f,48,186,143
mountbatten_pink,Mountbatten Pink,#997a8d,153,122,141
msu_green,Msu Green,#18453b,24,69,59
mulberry,Mulberry,#c54b8c,197,75,140
mustard,Mustard,#ffdb58,255,219,88
myrtle,Myrtle,#21421e,33,66,30
nadeshiko_pink,Nadeshiko Pink,#f6adc6,246,173,198
napier_green,Napier Green,#2a8000,42,128,0
naples_yellow,Naples Yellow,#fada5e,250,218,94
navajo_white,Navajo White,#ffdead,255,222,173
NavajoWhite,Navajowhite,#ffdead,255,222,173
NavajoWhite1,Navajowhite1,#ffdead,255,222,173
NavajoWhite2,Navajowhite2,#eecfa1,238,207,161
NavajoWhite3,Navajowhite3,#cdb38b,205,179,139
NavajoWhite4,Navajowhite4,#8b795e,139,121,94
navy,Navy,#80,0,0,128
Navy Blue,Navy Blue,#23238e,35,35,142
navy_blue,Navy Blue,#000080,0,0,128
NavyBlue,Navyblue,#80,0,0,128
Neon Blue,Neon Blue,#4d4dff,77,77,255
Neon Pink,Neon Pink,#ff6ec7,255,110,199
neon_carrot,Neon Carrot,#ffa343,255,163,67
neon_fuchsia,Neon Fuchsia,#fe4164,254,65,100
neon_green,Neon Green,#39ff14,57,255,20
New Midnight Blue,New Midnight Blue,#00009c,0,0,156
New Tan,New Tan,#ebc79e,235,199,158
new_york_pink,New York Pink,#d7837f,215,131,127
non_photo_blue,Non-Photo Blue,#a4dded,164,221,237
north_texas_green,North Texas Green,#059033,5,144,51
ocean_boat_blue,Ocean Boat Blue,#0077be,0,119,190
ochre,Ochre,#c72,204,119,34
office_green,Office Green,#008000,0,128,0
Old Gold,Old Gold,#cfb53b,207,181,59
old_gold,Old Gold,#cfb53b,207,181,59
old_lace,Old Lace,#fdf5e6,253,245,230
old_lavender,Old Lavender,#796878,121,104,120
old_mauve,Old Mauve,#673147,103,49,71
old_rose,Old Rose,#c08081,192,128,129
OldLace,Oldlace,#fdf5e6,253,245,230
olive,Olive,#808000,128,128,0
olive_drab_7,Olive Drab #7,#3c341f,60,52,31
olive_drab_web_olive_drab_3,Olive Drab (Web) (Olive Drab #3),#6b8e23,107,142,35
OliveDrab,Olivedrab,#6b8e23,107,142,35
OliveDrab1,Olivedrab1,#c0ff3e,192,255,62
OliveDrab2,Olivedrab2,#b3ee3a,179,238,58
OliveDrab3,Olivedrab3,#9acd32,154,205,50
OliveDrab4,Olivedrab4,#698b22,105,139,34
olivine,Olivine,#9ab973,154,185,115
onyx,Onyx,#353839,53,56,57
opera_mauve,Opera Mauve,#b784a7,183,132,167
orange,Orange,#ffa500,255,165,0
Orange,Orange,#ff7f00,255,127,0
Orange Red,Orange Red,#ff2400,255,36,0
orange_color_wheel,Orange (Color Wheel),#ff7f00,255,127,0
orange_peel,Orange Peel,#ff9f00,255,159,0
orange_red,Orange-Red,#ff4500,255,69,0
orange_ryb,Orange (Ryb),#fb9902,251,153,2
orange_web_color,Orange (Web Color),#ffa500,255,165,0
orange1,Orange1,#ffa500,255,165,0
orange2,Orange2,#ee9a00,238,154,0
orange3,Orange3,#cd8500,205,133,0
orange4,Orange4,#8b5a00,139,90,0
OrangeRed,Orangered,#ff4500,255,69,0
OrangeRed1,Orangered1,#ff4500,255,69,0
OrangeRed2,Orangered2,#ee4000,238,64,0
OrangeRed3,Orangered3,#cd3700,205,55,0
OrangeRed4,Orangered4,#8b2500,139,37,0
orchid,Orchid,#da70d6,218,112,214
Orchid,Orchid,#db70db,219,112,219
orchid1,Orchid1,#ff83fa,255,131,250
orchid2,Orchid2,#ee7ae9,238,122,233
orchid3,Orchid3,#cd69c9,205,105,201
orchid4,Orchid4,#8b4789,139,71,137
otter_brown,Otter Brown,#654321,101,67,33
ou_crimson_red,Ou Crimson Red,#900,153,0,0
outer_space,Outer Space,#414a4c,65,74,76
outrageous_orange,Outrageous Orange,#ff6e4a,255,110,74
oxford_blue,Oxford Blue,#002147,0,33,71
pakistan_green,Pakistan Green,#060,0,102,0
palatinate_blue,Palatinate Blue,#273be2,39,59,226
palatinate_purple,Palatinate Purple,#682860,104,40,96
Pale Green,Pale Green,#8fbc8f,143,188,143
pale_aqua,Pale Aqua,#bcd4e6,188,212,230
pale_blue,Pale Blue,#afeeee,175,238,238
pale_brown,Pale Brown,#987654,152,118,84
pale_carmine,Pale Carmine,#af4035,175,64,53
pale_cerulean,Pale Cerulean,#9bc4e2,155,196,226
pale_chestnut,Pale Chestnut,#ddadaf,221,173,175
pale_copper,Pale Copper,#da8a67,218,138,103
pale_cornflower_blue,Pale Cornflower Blue,#abcdef,171,205,239
pale_gold,Pale Gold,#e6be8a,230,190,138
pale_goldenrod,Pale Goldenrod,#eee8aa,238,232,170
pale_green,Pale Green,#98fb98,152,251,152
pale_lavender,Pale Lavender,#dcd0ff,220,208,255
pale_magenta,Pale Magenta,#f984e5,249,132,229
pale_pink,Pale Pink,#fadadd,250,218,221
pale_plum,Pale Plum,#dda0dd,221,160,221
pale_red_violet,Pale Red-Violet,#db7093,219,112,147
pale_robin_egg_blue,Pale Robin Egg Blue,#96ded1,150,222,209
pale_silver,Pale Silver,#c9c0bb,201,192,187
pale_spring_bud,Pale Spring Bud,#ecebbd,236,235,189
pale_taupe,Pale Taupe,#bc987e,188,152,126
pale_violet_red,Pale Violet-Red,#db7093,219,112,147
PaleGoldenrod,Palegoldenrod,#eee8aa,238,232,170
PaleGreen,Palegreen,#98fb98,152,251,152
PaleGreen1,Palegreen1,#9aff9a,154,255,154
PaleGreen2,Palegreen2,#90ee90,144,238,144
PaleGreen3,Palegreen3,#7ccd7c,124,205,124
PaleGreen4,Palegreen4,#548b54,84,139,84
PaleTurquoise,Paleturquoise,#afeeee,175,238,238
PaleTurquoise1,Paleturquoise1,#bbffff,187,255,255
PaleTurquoise2,Paleturquoise2,#aeeeee,174,238,238
PaleTurquoise3,Paleturquoise3,#96cdcd,150,205,205
PaleTurquoise4,Paleturquoise4,#668b8b,102,139,139
PaleVioletRed,Palevioletred,#db7093,219,112,147
PaleVioletRed1,Palevioletred1,#ff82ab,255,130,171
PaleVioletRed2,Palevioletred2,#ee799f,238,121,159
PaleVioletRed3,Palevioletred3,#cd6889,205,104,137
PaleVioletRed4,Palevioletred4,#8b475d,139,71,93
pansy_purple,Pansy Purple,#78184a,120,24,74
papaya_whip,Papaya Whip,#ffefd5,255,239,213
PapayaWhip,Papayawhip,#ffefd5,255,239,213
paris_green,Paris Green,#50c878,80,200,120
pastel_blue,Pastel Blue,#aec6cf,174,198,207
pastel_brown,Pastel Brown,#836953,131,105,83
pastel_gray,Pastel Gray,#cfcfc4,207,207,196
pastel_green,Pastel Green,#7d7,119,221,119
pastel_magenta,Pastel Magenta,#f49ac2,244,154,194
pastel_orange,Pastel Orange,#ffb347,255,179,71
pastel_pink,Pastel Pink,#dea5a4,222,165,164
pastel_purple,Pastel Purple,#b39eb5,179,158,181
pastel_red,Pastel Red,#ff6961,255,105,97
pastel_violet,Pastel Violet,#cb99c9,203,153,201
pastel_yellow,Pastel Yellow,#fdfd96,253,253,150
patriarch,Patriarch,#800080,128,0,128
payne_s_grey,Payne'S Grey,#536878,83,104,120
peach,Peach,#ffe5b4,255,229,180
peach_crayola,Peach (Crayola),#ffcba4,255,203,164
peach_orange,Peach-Orange,#fc9,255,204,153
peach_puff,Peach Puff,#ffdab9,255,218,185
peach_yellow,Peach-Yellow,#fadfad,250,223,173
PeachPuff,Peachpuff,#ffdab9,255,218,185
PeachPuff1,Peachpuff1,#ffdab9,255,218,185
PeachPuff2,Peachpuff2,#eecbad,238,203,173
PeachPuff3,Peachpuff3,#cdaf95,205,175,149
PeachPuff4,Peachpuff4,#8b7765,139,119,101
pear,Pear,#d1e231,209,226,49
pearl,Pearl,#eae0c8,234,224,200
pearl_aqua,Pearl Aqua,#88d8c0,136,216,192
pearly_purple,Pearly Purple,#b768a2,183,104,162
peridot,Peridot,#e6e200,230,226,0
periwinkle,Periwinkle,#ccf,204,204,255
persian_blue,Persian Blue,#1c39bb,28,57,187
persian_green,Persian Green,#00a693,0,166,147
persian_indigo,Persian Indigo,#32127a,50,18,122
persian_orange,Persian Orange,#d99058,217,144,88
persian_pink,Persian Pink,#f77fbe,247,127,190
persian_plum,Persian Plum,#701c1c,112,28,28
persian_red,Persian Red,#c33,204,51,51
persian_rose,Persian Rose,#fe28a2,254,40,162
persimmon,Persimmon,#ec5800,236,88,0
peru,Peru,#cd853f,205,133,63
phlox,Phlox,#df00ff,223,0,255
phthalo_blue,Phthalo Blue,#000f89,0,15,137
phthalo_green,Phthalo Green,#123524,18,53,36
piggy_pink,Piggy Pink,#fddde6,253,221,230
pine_green,Pine Green,#01796f,1,121,111
pink,Pink,#ffc0cb,255,192,203
Pink,Pink,#bc8f8f,188,143,143
pink_lace,Pink Lace,#ffddf4,255,221,244
pink_orange,Pink-Orange,#f96,255,153,102
pink_pearl,Pink Pearl,#e7accf,231,172,207
pink_sherbet,Pink Sherbet,#f78fa7,247,143,167
pink1,Pink1,#ffb5c5,255,181,197
pink2,Pink2,#eea9b8,238,169,184
pink3,Pink3,#cd919e,205,145,158
pink4,Pink4,#8b636c,139,99,108
pistachio,Pistachio,#93c572,147,197,114
platinum,Platinum,#e5e4e2,229,228,226
plum,Plum,#dda0dd,221,160,221
Plum,Plum,#eaadea,234,173,234
plum_traditional,Plum (Traditional),#8e4585,142,69,133
plum_web,Plum (Web),#dda0dd,221,160,221
plum1,Plum1,#ffbbff,255,187,255
plum2,Plum2,#eeaeee,238,174,238
plum3,Plum3,#cd96cd,205,150,205
plum4,Plum4,#8b668b,139,102,139
portland_orange,Portland Orange,#ff5a36,255,90,54
powder_blue_web,Powder Blue (Web),#b0e0e6,176,224,230
PowderBlue,Powderblue,#b0e0e6,176,224,230
princeton_orange,Princeton Orange,#ff8f00,255,143,0
prune,Prune,#701c1c,112,28,28
prussian_blue,Prussian Blue,#003153,0,49,83
psychedelic_purple,Psychedelic Purple,#df00ff,223,0,255
puce,Puce,#c89,204,136,153
pumpkin,Pumpkin,#ff7518,255,117,24
purple,Purple,#a020f0,160,32,240
purple,Purple,#800080,128,0,128
purple_heart,Purple Heart,#69359c,105,53,156
purple_html_css,Purple (Html/Css),#800080,128,0,128
purple_mountain_majesty,Purple Mountain Majesty,#9678b6,150,120,182
purple_munsell,Purple (Munsell),#9f00c5,159,0,197
purple_pizzazz,Purple Pizzazz,#fe4eda,254,78,218
purple_taupe,Purple Taupe,#50404d,80,64,77
purple_x11,Purple (X11),#a020f0,160,32,240
purple1,Purple1,#9b30ff,155,48,255
purple2,Purple2,#912cee,145,44,238
purple3,Purple3,#7d26cd,125,38,205
purple4,Purple4,#551a8b,85,26,139
quartz,Quartz,#51484f,81,72,79
Quartz,Quartz,#d9d9f3,217,217,243
rackley,Rackley,#5d8aa8,93,138,168
radical_red,Radical Red,#ff355e,255,53,94
rajah,Rajah,#fbab60,251,171,96
raspberry,Raspberry,#e30b5d,227,11,93
raspberry_glace,Raspberry Glace,#915f6d,145,95,109
raspberry_pink,Raspberry Pink,#e25098,226,80,152
raspberry_rose,Raspberry Rose,#b3446c,179,68,108
raw_umber,Raw Umber,#826644,130,102,68
razzle_dazzle_rose,Razzle Dazzle Rose,#f3c,255,51,204
razzmatazz,Razzmatazz,#e3256b,227,37,107
red,Red,#f00,255,0,0
red,Red,#ff0000,255,0,0
red_brown,Red-Brown,#a52a2a,165,42,42
red_devil,Red Devil,#860111,134,1,17
red_munsell,Red (Munsell),#f2003c,242,0,60
red_ncs,Red (Ncs),#c40233,196,2,51
red_orange,Red-Orange,#ff5349,255,83,73
red_pigment,Red (Pigment),#ed1c24,237,28,36
red_ryb,Red (Ryb),#fe2712,254,39,18
red_violet,Red-Violet,#c71585,199,21,133
red1,Red1,#ff0000,255,0,0
red2,Red2,#ee0000,238,0,0
red3,Red3,#cd0000,205,0,0
red4,Red4,#8b0000,139,0,0
redwood,Redwood,#ab4e52,171,78,82
regalia,Regalia,#522d80,82,45,128
resolution_blue,Resolution Blue,#002387,0,35,135
Rich Blue,Rich Blue,#5959ab,89,89,171
rich_black,Rich Black,#004040,0,64,64
rich_brilliant_lavender,Rich Brilliant Lavender,#f1a7fe,241,167,254
rich_carmine,Rich Carmine,#d70040,215,0,64
rich_electric_blue,Rich Electric Blue,#0892d0,8,146,208
rich_lavender,Rich Lavender,#a76bcf,167,107,207
rich_lilac,Rich Lilac,#b666d2,182,102,210
rich_maroon,Rich Maroon,#b03060,176,48,96
rifle_green,Rifle Green,#414833,65,72,51
robin_egg_blue,Robin Egg Blue,#0cc,0,204,204
rose,Rose,#ff007f,255,0,127
rose_bonbon,Rose Bonbon,#f9429e,249,66,158
rose_ebony,Rose Ebony,#674846,103,72,70
rose_gold,Rose Gold,#b76e79,183,110,121
rose_madder,Rose Madder,#e32636,227,38,54
rose_pink,Rose Pink,#f6c,255,102,204
rose_quartz,Rose Quartz,#aa98a9,170,152,169
rose_taupe,Rose Taupe,#905d5d,144,93,93
rose_vale,Rose Vale,#ab4e52,171,78,82
rosewood,Rosewood,#65000b,101,0,11
rosso_corsa,Rosso Corsa,#d40000,212,0,0
rosy_brown,Rosy Brown,#bc8f8f,188,143,143
RosyBrown,Rosybrown,#bc8f8f,188,143,143
RosyBrown1,Rosybrown1,#ffc1c1,255,193,193
RosyBrown2,Rosybrown2,#eeb4b4,238,180,180
RosyBrown3,Rosybrown3,#cd9b9b,205,155,155
RosyBrown4,Rosybrown4,#8b6969,139,105,105
royal_azure,Royal Azure,#0038a8,0,56,168
royal_blue_traditional,Royal Blue (Traditional),#002366,0,35,102
royal_blue_web,Royal Blue (Web),#4169e1,65,105,225
royal_fuchsia,Royal Fuchsia,#ca2c92,202,44,146
royal_purple,Royal Purple,#7851a9,120,81,169
royal_yellow,Royal Yellow,#fada5e,250,218,94
RoyalBlue,Royalblue,#41700,65,105,225
RoyalBlue1,Royalblue1,#4876ff,72,118,255
RoyalBlue2,Royalblue2,#436eee,67,110,238
RoyalBlue3,Royalblue3,#3a5fcd,58,95,205
RoyalBlue4,Royalblue4,#27408b,39,64,139
RoyalBlue5,Royalblue5,#2266,0,34,102
rubine_red,Rubine Red,#d10056,209,0,86
ruby,Ruby,#e0115f,224,17,95
ruby_red,Ruby Red,#9b111e,155,17,30
ruddy,Ruddy,#ff0028,255,0,40
ruddy_brown,Ruddy Brown,#bb6528,187,101,40
ruddy_pink,Ruddy Pink,#e18e96,225,142,150
rufous,Rufous,#a81c07,168,28,7
russet,Russet,#80461b,128,70,27
rust,Rust,#b7410e,183,65,14
rusty_red,Rusty Red,#da2c43,218,44,67
sacramento_state_green,Sacramento State Green,#00563f,0,86,63
saddle_brown,Saddle Brown,#8b4513,139,69,19
SaddleBrown,Saddlebrown,#8b4513,139,69,19
safety_orange_blaze_orange,Safety Orange (Blaze Orange),#ff6700,255,103,0
saffron,Saffron,#f4c430,244,196,48
salmon,Salmon,#ff8c69,255,140,105
salmon,Salmon,#fa8072,250,128,114
Salmon,Salmon,#6f4242,111,66,66
salmon_pink,Salmon Pink,#ff91a4,255,145,164
salmon1,Salmon1,#ff8c69,255,140,105
salmon2,Salmon2,#ee8262,238,130,98
salmon3,Salmon3,#cd7054,205,112,84
salmon4,Salmon4,#8b4c39,139,76,57
sand,Sand,#c2b280,194,178,128
sand_dune,Sand Dune,#967117,150,113,23
sandstorm,Sandstorm,#ecd540,236,213,64
sandy_brown,Sandy Brown,#f4a460,244,164,96
sandy_taupe,Sandy Taupe,#967117,150,113,23
SandyBrown,Sandybrown,#f4a460,244,164,96
sangria,Sangria,#92000a,146,0,10
sap_green,Sap Green,#507d2a,80,125,42
sapphire,Sapphire,#0f52ba,15,82,186
sapphire_blue,Sapphire Blue,#0067a5,0,103,165
satin_sheen_gold,Satin Sheen Gold,#cba135,203,161,53
scarlet,Scarlet,#ff2400,255,36,0
Scarlet,Scarlet,#8c1717,140,23,23
scarlet_crayola,Scarlet (Crayola),#fd0e35,253,14,53
school_bus_yellow,School Bus Yellow,#ffd800,255,216,0
screamin_green,Screamin' Green,#76ff7a,118,255,122
Sea Green,Sea Green,#2.38e+70,35,142,104
sea_blue,Sea Blue,#006994,0,105,148
sea_green,Sea Green,#2e8b57,46,139,87
"SeaGreen, SeaGreen4","Seagreen, Seagreen4",#2e8b57,46,139,87
SeaGreen1,Seagreen1,#54ff9f,84,255,159
SeaGreen2,Seagreen2,#4eee94,78,238,148
SeaGreen3,Seagreen3,#43cd80,67,205,128
seal_brown,Seal Brown,#321414,50,20,20
seashell,Seashell,#fff5ee,255,245,238
seashell1,Seashell1,#fff5ee,255,245,238
seashell2,Seashell2,#eee5de,238,229,222
seashell3,Seashell3,#cdc5bf,205,197,191
seashell4,Seashell4,#8b8682,139,134,130
selective_yellow,Selective Yellow,#ffba00,255,186,0
Semi-Sweet Chocolate,Semi-Sweet Chocolate,#6b4226,107,66,38
sepia,Sepia,#704214,112,66,20
shadow,Shadow,#8a795d,138,121,93
shamrock_green,Shamrock Green,#009e60,0,158,96
shocking_pink,Shocking Pink,#fc0fc0,252,15,192
shocking_pink_crayola,Shocking Pink (Crayola),#ff6fff,255,111,255
sienna,Sienna,#882d17,136,45,23
Sienna,Sienna,#8e6b23,142,107,35
sienna,Sienna,#a0522d,160,82,45
sienna1,Sienna1,#ff8247,255,130,71
sienna2,Sienna2,#ee7942,238,121,66
sienna3,Sienna3,#cd6839,205,104,57
sienna4,Sienna4,#8b4726,139,71,38
silver,Silver,#c0c0c0,192,192,192
silver,Silver,#e6e8fa,230,232,250
"Silver, Grey","Silver, Grey",#c0c0c0,192,192,192
sinopia,Sinopia,#cb410b,203,65,11
skobeloff,Skobeloff,#007474,0,116,116
Sky Blue,Sky Blue,#3299cc,50,153,204
sky_blue,Sky Blue,#87ceeb,135,206,235
sky_magenta,Sky Magenta,#cf71af,207,113,175
SkyBlue,Skyblue,#87ceeb,135,206,235
SkyBlue1,Skyblue1,#87ceff,135,206,255
SkyBlue2,Skyblue2,#7ec0ee,126,192,238
SkyBlue3,Skyblue3,#6ca6cd,108,166,205
SkyBlue4,Skyblue4,#4a708b,74,112,139
Slate Blue,Slate Blue,#007fff,0,127,255
slate_blue,Slate Blue,#6a5acd,106,90,205
slate_gray,Slate Gray,#708090,112,128,144
SlateBlue,Slateblue,#6a5acd,106,90,205
SlateBlue1,Slateblue1,#836fff,131,111,255
SlateBlue2,Slateblue2,#7a67ee,122,103,238
SlateBlue3,Slateblue3,#6959cd,105,89,205
SlateBlue4,Slateblue4,#473c8b,71,60,139
SlateGray,Slategray,#708090,112,128,144
SlateGray1,Slategray1,#c6e2ff,198,226,255
SlateGray2,Slategray2,#b9d3ee,185,211,238
SlateGray3,Slategray3,#9fb6cd,159,182,205
SlateGray4,Slategray4,#6c7b8b,108,123,139
smalt_dark_powder_blue,Smalt (Dark Powder Blue),#039,0,51,153
smokey_topaz,Smokey Topaz,#933d41,147,61,65
smoky_black,Smoky Black,#100c08,16,12,8
snow,Snow,#fffafa,255,250,250
snow1,Snow1,#fffafa,255,250,250
snow2,Snow2,#eee9e9,238,233,233
snow3,Snow3,#cdc9c9,205,201,201
snow4,Snow4,#8b8989,139,137,137
Spicy Pink,Spicy Pink,#ff1cae,255,28,174
spiro_disco_ball,Spiro Disco Ball,#0fc0fc,15,192,252
Spring Green,Spring Green,#00ff7f,0,255,127
spring_bud,Spring Bud,#a7fc00,167,252,0
spring_green,Spring Green,#00ff7f,0,255,127
SpringGreen,Springgreen,#00ff7f,0,255,127
SpringGreen1,Springgreen1,#00ff7f,0,255,127
SpringGreen2,Springgreen2,#00ee76,0,238,118
SpringGreen3,Springgreen3,#00cd66,0,205,102
SpringGreen4,Springgreen4,#008b45,0,139,69
st_patrick_s_blue,St. Patrick'S Blue,#23297a,35,41,122
Steel Blue,Steel Blue,#236b8e,35,107,142
steel_blue,Steel Blue,#4682b4,70,130,180
SteelBlue,Steelblue,#4682b4,70,130,180
SteelBlue1,Steelblue1,#63b8ff,99,184,255
SteelBlue2,Steelblue2,#5cacee,92,172,238
SteelBlue3,Steelblue3,#4f94cd,79,148,205
SteelBlue4,Steelblue4,#36648b,54,100,139
stil_de_grain_yellow,Stil De Grain Yellow,#fada5e,250,218,94
stizza,Stizza,#900,153,0,0
stormcloud,Stormcloud,#4f666a,79,102,106
straw,Straw,#e4d96f,228,217,111
Summer Sky,Summer Sky,#38b0de,56,176,222
sunglow,Sunglow,#fc3,255,204,51
sunset,Sunset,#fad6a5,250,214,165
tan,Tan,#d2b48c,210,180,140
Tan,Tan,#db9370,219,147,112
tan1,Tan1,#ffa54f,255,165,79
tan2,Tan2,#ee9a49,238,154,73
tan3,Tan3,#cd853f,205,133,63
tan4,Tan4,#8b5a2b,139,90,43
tangelo,Tangelo,#f94d00,249,77,0
tangerine,Tangerine,#f28500,242,133,0
tangerine_yellow,Tangerine Yellow,#fc0,255,204,0
tango_pink,Tango Pink,#e4717a,228,113,122
taupe,Taupe,#483c32,72,60,50
taupe_gray,Taupe Gray,#8b8589,139,133,137
tea_green,Tea Green,#d0f0c0,208,240,192
tea_rose_orange,Tea Rose (Orange),#f88379,248,131,121
tea_rose_rose,Tea Rose (Rose),#f4c2c2,244,194,194
teal,Teal,#008080,0,128,128
teal,Teal,#8080,0,128,128
teal_blue,Teal Blue,#367588,54,117,136
teal_green,Teal Green,#00827f,0,130,127
telemagenta,Telemagenta,#cf3476,207,52,118
tenn_tawny,Tenn√© (Tawny),#cd5700,205,87,0
terra_cotta,Terra Cotta,#e2725b,226,114,91
thistle,Thistle,#d8bfd8,216,191,216
thistle1,Thistle1,#ffe1ff,255,225,255
thistle2,Thistle2,#eed2ee,238,210,238
thistle3,Thistle3,#cdb5cd,205,181,205
thistle4,Thistle4,#8b7b8b,139,123,139
thulian_pink,Thulian Pink,#de6fa1,222,111,161
tickle_me_pink,Tickle Me Pink,#fc89ac,252,137,172
tiffany_blue,Tiffany Blue,#0abab5,10,186,181
tiger_s_eye,Tiger'S Eye,#e08d3c,224,141,60
timberwolf,Timberwolf,#dbd7d2,219,215,210
titanium_yellow,Titanium Yellow,#eee600,238,230,0
tomato,Tomato,#ff6347,255,99,71
tomato1,Tomato1,#ff6347,255,99,71
tomato2,Tomato2,#ee5c42,238,92,66
tomato3,Tomato3,#cd4f39,205,79,57
tomato4,Tomato4,#8b3626,139,54,38
toolbox,Toolbox,#746cc0,116,108,192
topaz,Topaz,#ffc87c,255,200,124
tractor_red,Tractor Red,#fd0e35,253,14,53
trolley_grey,Trolley Grey,#808080,128,128,128
tropical_rain_forest,Tropical Rain Forest,#00755e,0,117,94
True Iris Blue,True Iris Blue,#03b4cc,3,180,204
true_blue,True Blue,#0073cf,0,115,207
tufts_blue,Tufts Blue,#417dc1,65,125,193
tumbleweed,Tumbleweed,#deaa88,222,170,136
turkish_rose,Turkish Rose,#b57281,181,114,129
turquoise,Turquoise,#30d5c8,48,213,200
turquoise,Turquoise,#40e0d0,64,224,208
Turquoise,Turquoise,#adeaea,173,234,234
turquoise_blue,Turquoise Blue,#00ffef,0,255,239
turquoise_green,Turquoise Green,#a0d6b4,160,214,180
turquoise1,Turquoise1,#00f5ff,0,245,255
turquoise2,Turquoise2,#00e5ee,0,229,238
turquoise3,Turquoise3,#00c5cd,0,197,205
turquoise4,Turquoise4,#00868b,0,134,139
tuscan_red,Tuscan Red,#7c4848,124,72,72
twilight_lavender,Twilight Lavender,#8a496b,138,73,107
tyrian_purple,Tyrian Purple,#66023c,102,2,60
ua_blue,Ua Blue,#03a,0,51,170
ua_red,Ua Red,#d9004c,217,0,76
ube,Ube,#8878c3,136,120,195
ucla_blue,Ucla Blue,#536895,83,104,149
ucla_gold,Ucla Gold,#ffb300,255,179,0
ufo_green,Ufo Green,#3cd070,60,208,112
ultra_pink,Ultra Pink,#ff6fff,255,111,255
ultramarine,Ultramarine,#120a8f,18,10,143
ultramarine_blue,Ultramarine Blue,#4166f5,65,102,245
umber,Umber,#635147,99,81,71
unbleached_silk,Unbleached Silk,#ffddca,255,221,202
united_nations_blue,United Nations Blue,#5b92e5,91,146,229
university_of_california_gold,University Of California Gold,#b78727,183,135,39
unmellow_yellow,Unmellow Yellow,#ff6,255,255,102
up_forest_green,Up Forest Green,#014421,1,68,33
up_maroon,Up Maroon,#7b1113,123,17,19
upsdell_red,Upsdell Red,#ae2029,174,32,41
urobilin,Urobilin,#e1ad21,225,173,33
usafa_blue,Usafa Blue,#004f98,0,79,152
usc_cardinal,Usc Cardinal,#900,153,0,0
usc_gold,Usc Gold,#fc0,255,204,0
utah_crimson,Utah Crimson,#d3003f,211,0,63
vanilla,Vanilla,#f3e5ab,243,229,171
vegas_gold,Vegas Gold,#c5b358,197,179,88
venetian_red,Venetian Red,#c80815,200,8,21
verdigris,Verdigris,#43b3ae,67,179,174
vermilion_cinnabar,Vermilion (Cinnabar),#e34234,227,66,52
vermilion_plochere,Vermilion (Plochere),#d9603b,217,96,59
veronica,Veronica,#a020f0,160,32,240
Very Dark Brown,Very Dark Brown,#5c4033,92,64,51
Very Light Grey,Very Light Grey,#cdcdcd,205,205,205
violet,Violet,#8f00ff,143,0,255
violet,Violet,#ee82ee,238,130,238
Violet,Violet,#4f2f4f,79,47,79
violet blue,Violet Blue,#9f5f9f,159,95,159
Violet Red,Violet Red,#cc3299,204,50,153
violet_blue,Violet-Blue,#324ab2,50,74,178
violet_color_wheel,Violet (Color Wheel),#7f00ff,127,0,255
violet_ryb,Violet (Ryb),#8601af,134,1,175
violet_web,Violet (Web),#ee82ee,238,130,238
VioletRed,Violetred,#d02090,208,32,144
VioletRed1,Violetred1,#ff3e96,255,62,150
VioletRed2,Violetred2,#ee3a8c,238,58,140
VioletRed3,Violetred3,#cd3278,205,50,120
VioletRed4,Violetred4,#8b2252,139,34,82
viridian,Viridian,#40826d,64,130,109
vivid_auburn,Vivid Auburn,#922724,146,39,36
vivid_burgundy,Vivid Burgundy,#9f1d35,159,29,53
vivid_cerise,Vivid Cerise,#da1d81,218,29,129
vivid_tangerine,Vivid Tangerine,#ffa089,255,160,137
vivid_violet,Vivid Violet,#9f00ff,159,0,255
warm_black,Warm Black,#004242,0,66,66
waterspout,Waterspout,#a4f4f9,164,244,249
wenge,Wenge,#645452,100,84,82
wheat,Wheat,#f5deb3,245,222,179
Wheat,Wheat,#d8d8bf,216,216,191
wheat1,Wheat1,#ffe7ba,255,231,186
wheat2,Wheat2,#eed8ae,238,216,174
wheat3,Wheat3,#cdba96,205,186,150
wheat4,Wheat4,#8b7e66,139,126,102
white,White,#fff,255,255,255
white_smoke,White Smoke,#f5f5f5,245,245,245
WhiteSmoke,Whitesmoke,#f5f5f5,245,245,245
wild_blue_yonder,Wild Blue Yonder,#a2add0,162,173,208
wild_strawberry,Wild Strawberry,#ff43a4,255,67,164
wild_watermelon,Wild Watermelon,#fc6c85,252,108,133
wine,Wine,#722f37,114,47,55
wine_dregs,Wine Dregs,#673147,103,49,71
wisteria,Wisteria,#c9a0dc,201,160,220
wood_brown,Wood Brown,#c19a6b,193,154,107
xanadu,Xanadu,#738678,115,134,120
yale_blue,Yale Blue,#0f4d92,15,77,146
yellow,Yellow,#ff0,255,255,0
yellow,Yellow,#ffff00,255,255,0
Yellow Green,Yellow Green,#99cc32,153,204,50
yellow_green,Yellow-Green,#9acd32,154,205,50
yellow_munsell,Yellow (Munsell),#efcc00,239,204,0
yellow_ncs,Yellow (Ncs),#ffd300,255,211,0
yellow_orange,Yellow Orange,#ffae42,255,174,66
yellow_process,Yellow (Process),#ffef00,255,239,0
yellow_ryb,Yellow (Ryb),#fefe33,254,254,51
yellow1,Yellow1,#ffff00,255,255,0
yellow2,Yellow2,#eeee00,238,238,0
yellow3,Yellow3,#cdcd00,205,205,0
yellow4,Yellow4,#8b8b00,139,139,0
YellowGreen,Yellowgreen,#9acd32,154,205,50
zaffre,Zaffre,#0014a8,0,20,168
zinnwaldite_brown,Zinnwaldite Brown,#2c1608,44,22,8
